<?xml version="1.0" encoding="UTF-8"?>
<beans xmlns="http://www.springframework.org/schema/beans"
    xmlns:xsi="http://www.w3.org/2001/XMLSchema-instance" 
    xmlns:context="http://www.springframework.org/schema/context"
    xsi:schemaLocation="http://www.springframework.org/schema/beans
    http://www.springframework.org/schema/beans/spring-beans.xsd
    http://www.springframework.org/schema/context
    http://www.springframework.org/schema/context/spring-context.xsd">

    <bean id="sportsTeam" class="fa.ru.demo.xml.SportsTeam">
        <property name="league" value="MainLeague"></property>
        <property name="name" value="My own team"/>
        <property name="place" value="10"/>
    </bean>
    <bean id="benzima" class="fa.ru.demo.xml.FootballPlayer">

        <constructor-arg ref="sportsTeam"/>
        <property name="name" value="Benzima"/>
        <property name="position" value="defender"/>
        <property name="salary" value="100000"/>
    </bean>
</beans>





